project,round,scope,proj,bug_id,n_test_files,n_tests,fail_buggy,fail_fixed,detected,stmt_cov,branch_cov,gen_time_sec,notes
Chart,RoundRound1,package,Chart,1,-,-,-,-,-,-,-,-,checkout_b_fail
Chart,RoundRound1,package,Chart,2,-,-,-,-,-,-,-,-,checkout_b_fail
Chart,RoundRound1,package,Chart,3,-,-,-,-,-,-,-,-,checkout_b_fail
Chart,RoundRound1,package,Chart,4,-,-,-,-,-,-,-,-,checkout_b_fail
Chart,RoundRound1,package,Chart,5,-,-,-,-,-,-,-,-,checkout_b_fail
Chart,RoundRound1,package,Chart,6,-,-,-,-,-,-,-,-,checkout_b_fail
Chart,RoundRound1,package,Chart,7,-,-,-,-,-,-,-,-,checkout_b_fail
Chart,RoundRound1,package,Chart,8,-,-,-,-,-,-,-,-,checkout_b_fail
Chart,RoundRound1,package,Chart,9,-,-,-,-,-,-,-,-,checkout_b_fail
Chart,RoundRound1,package,Chart,10,-,-,-,-,-,-,-,-,checkout_b_fail
Chart,RoundRound1,package,Chart,11,-,-,-,-,-,-,-,-,checkout_b_fail
Chart,RoundRound1,package,Chart,12,-,-,-,-,-,-,-,-,checkout_b_fail
Chart,RoundRound1,package,Chart,13,-,-,-,-,-,-,-,-,checkout_b_fail
Chart,RoundRound1,package,Chart,14,-,-,-,-,-,-,-,-,checkout_b_fail
Chart,RoundRound1,package,Chart,15,-,-,-,-,-,-,-,-,checkout_b_fail
Chart,RoundRound1,package,Chart,16,-,-,-,-,-,-,-,-,checkout_b_fail
Chart,RoundRound1,package,Chart,17,-,-,-,-,-,-,-,-,checkout_b_fail
Chart,RoundRound1,package,Chart,18,-,-,-,-,-,-,-,-,checkout_b_fail
Chart,RoundRound1,package,Chart,19,-,-,-,-,-,-,-,-,checkout_b_fail
Chart,RoundRound1,package,Chart,20,-,-,-,-,-,-,-,-,checkout_b_fail
Chart,RoundRound1,package,Chart,21,-,-,-,-,-,-,-,-,checkout_b_fail
Chart,RoundRound1,package,Chart,22,-,-,-,-,-,-,-,-,checkout_b_fail
Chart,RoundRound1,package,Chart,23,-,-,-,-,-,-,-,-,checkout_b_fail
Chart,RoundRound1,package,Chart,24,-,-,-,-,-,-,-,-,checkout_b_fail
Chart,RoundRound1,package,Chart,25,-,-,-,-,-,-,-,-,checkout_b_fail
Chart,RoundRound1,package,Chart,26,-,-,-,-,-,-,-,-,checkout_b_fail
Cli,RoundRound1,package,Cli,1,0,0,1,0,0,86.7%,78.6%,2,ok
Cli,RoundRound1,package,Cli,2,0,0,1,0,0,88.2%,78.6%,2,ok
Cli,RoundRound1,package,Cli,3,0,0,1,0,0,40.0%,50.0%,1,ok
Cli,RoundRound1,package,Cli,4,0,0,2,0,0,97.0%,91.2%,1,ok
Cli,RoundRound1,package,Cli,5,0,0,2,0,0,90.9%,100.0%,1,ok
Cli,RoundRound1,package,Cli,7,0,0,1,0,0,83.8%,59.3%,10,ok
Cli,RoundRound1,package,Cli,8,0,0,1,0,0,73.4%,70.2%,1,ok
Cli,RoundRound1,package,Cli,9,0,0,2,0,0,97.1%,91.4%,1,ok
Cli,RoundRound1,package,Cli,10,0,0,1,0,0,97.2%,91.4%,1,ok
Cli,RoundRound1,package,Cli,11,0,0,1,0,0,81.3%,84.0%,2,ok
Cli,RoundRound1,package,Cli,12,0,0,3,0,0,100.0%,100.0%,1,ok
Cli,RoundRound1,package,Cli,13,0,0,1,0,0,99.5%,96.6%,10,ok
Cli,RoundRound1,package,Cli,14,0,0,1,0,0,98.9%,99.2%,11,ok
Cli,RoundRound1,package,Cli,15,0,0,2,0,0,98.9%,95.7%,11,ok
Cli,RoundRound1,package,Cli,16,0,0,7,0,0,97.1%,95.0%,10,ok
Cli,RoundRound1,package,Cli,17,0,0,1,0,0,89.6%,81.0%,1,ok
Cli,RoundRound1,package,Cli,18,0,0,1,0,0,92.4%,85.7%,2,ok
Cli,RoundRound1,package,Cli,19,0,0,1,0,0,92.3%,88.1%,1,ok
Cli,RoundRound1,package,Cli,20,0,0,1,0,0,92.2%,88.1%,1,ok
Cli,RoundRound1,package,Cli,21,0,0,1,0,0,99.0%,97.9%,11,ok
Cli,RoundRound1,package,Cli,22,0,0,2,0,0,100.0%,100.0%,2,ok
Cli,RoundRound1,package,Cli,23,0,0,2,0,0,95.5%,89.8%,3,ok
Cli,RoundRound1,package,Cli,24,0,0,1,0,0,96.5%,90.2%,3,ok
Cli,RoundRound1,package,Cli,25,0,0,1,0,0,96.5%,90.2%,3,ok
Cli,RoundRound1,package,Cli,26,0,0,1,0,0,100.0%,100.0%,3,ok
Cli,RoundRound1,package,Cli,27,0,0,3,0,0,100.0%,91.7%,3,ok
Cli,RoundRound1,package,Cli,28,0,0,1,0,0,98.0%,91.2%,3,ok
Cli,RoundRound1,package,Cli,29,0,0,1,0,0,92.9%,100.0%,3,ok
Cli,RoundRound1,package,Cli,30,1,3,11,2,0,98.3%,93.1%,3,ok
Cli,RoundRound1,package,Cli,31,1,25,0,0,0,NA,NA,68,compile_fail
Cli,RoundRound1,package,Cli,32,1,27,0,0,0,NA,NA,68,compile_fail
Cli,RoundRound1,package,Cli,33,1,27,0,0,0,NA,NA,69,compile_fail
Cli,RoundRound1,package,Cli,34,1,43,0,0,0,NA,NA,9,compile_fail
Cli,RoundRound1,package,Cli,35,0,0,1,0,0,96.5%,100.0%,1,ok
Cli,RoundRound1,package,Cli,36,0,0,1,0,0,97.9%,97.2%,0,ok
Cli,RoundRound1,package,Cli,37,0,0,1,0,0,98.9%,94.3%,1,ok
Cli,RoundRound1,package,Cli,38,0,0,1,0,0,99.0%,93.7%,0,ok
Cli,RoundRound1,package,Cli,39,0,0,2,0,0,95.2%,95.0%,1,ok
Cli,RoundRound1,package,Cli,40,0,0,1,0,0,97.8%,100.0%,0,ok
Closure,RoundRound1,package,Closure,1,0,0,8,0,0,98.2%,90.2%,18,ok
Closure,RoundRound1,package,Closure,2,0,0,1,0,0,97.4%,90.4%,19,ok
Closure,RoundRound1,package,Closure,3,0,0,3,0,0,94.9%,87.4%,20,ok
Closure,RoundRound1,package,Closure,4,0,0,3,0,0,91.7%,82.6%,19,ok
Closure,RoundRound1,package,Closure,5,0,0,1,0,0,98.3%,92.6%,19,ok
Closure,RoundRound1,package,Closure,6,0,0,3,0,0,92.9%,84.1%,19,ok
Closure,RoundRound1,package,Closure,7,0,0,2,0,0,72.4%,78.9%,18,ok
Closure,RoundRound1,package,Closure,8,0,0,1,0,0,100.0%,90.4%,19,ok
Closure,RoundRound1,package,Closure,9,0,0,1,0,0,98.2%,95.2%,20,ok
Closure,RoundRound1,package,Closure,10,0,0,1,0,0,93.5%,88.4%,18,ok
Closure,RoundRound1,package,Closure,11,0,0,2,0,0,97.4%,90.3%,19,ok
Closure,RoundRound1,package,Closure,12,0,0,1,0,0,97.7%,89.6%,20,ok
Closure,RoundRound1,package,Closure,13,0,0,1,0,0,98.8%,97.5%,17,ok
Closure,RoundRound1,package,Closure,14,0,0,3,0,0,98.3%,93.8%,18,ok
Closure,RoundRound1,package,Closure,15,0,0,1,0,0,95.8%,89.1%,20,ok
Closure,RoundRound1,package,Closure,16,0,0,2,0,0,98.5%,91.9%,17,ok
Closure,RoundRound1,package,Closure,17,0,0,1,0,0,84.7%,75.3%,18,ok
Closure,RoundRound1,package,Closure,18,0,0,1,0,0,73.1%,70.2%,19,ok
Closure,RoundRound1,package,Closure,19,0,0,1,0,0,71.9%,78.7%,18,ok
Closure,RoundRound1,package,Closure,20,0,0,1,0,0,98.8%,91.6%,19,ok
Closure,RoundRound1,package,Closure,21,0,0,1,0,0,97.5%,96.7%,20,ok
Closure,RoundRound1,package,Closure,22,0,0,1,0,0,97.7%,91.7%,17,ok
Closure,RoundRound1,package,Closure,23,0,0,1,0,0,89.6%,84.3%,18,ok
Closure,RoundRound1,package,Closure,24,0,0,1,0,0,98.8%,91.3%,19,ok
Closure,RoundRound1,package,Closure,25,0,0,1,0,0,98.0%,91.8%,17,ok
Closure,RoundRound1,package,Closure,26,0,0,7,0,0,89.7%,92.5%,18,ok
Closure,RoundRound1,package,Closure,27,0,0,3,0,0,65.8%,36.7%,19,ok
Closure,RoundRound1,package,Closure,28,0,0,2,0,0,92.3%,100.0%,17,ok
Closure,RoundRound1,package,Closure,29,0,0,5,0,0,98.3%,92.3%,18,ok
Closure,RoundRound1,package,Closure,30,0,0,3,0,0,97.0%,90.5%,18,ok
Closure,RoundRound1,package,Closure,31,0,0,1,0,0,72.2%,68.8%,17,ok
Closure,RoundRound1,package,Closure,32,0,0,4,0,0,93.4%,87.9%,17,ok
Closure,RoundRound1,package,Closure,33,0,0,1,0,0,98.1%,93.9%,18,ok
Closure,RoundRound1,package,Closure,34,0,0,1,0,0,93.6%,81.6%,16,ok
Closure,RoundRound1,package,Closure,35,0,0,1,0,0,98.2%,92.2%,16,ok
Closure,RoundRound1,package,Closure,36,0,0,1,0,0,98.3%,91.8%,18,ok
Closure,RoundRound1,package,Closure,37,0,0,1,0,0,93.1%,83.1%,16,ok
Closure,RoundRound1,package,Closure,38,0,0,1,0,0,95.5%,96.9%,17,ok
Closure,RoundRound1,package,Closure,39,0,0,2,0,0,98.0%,94.0%,18,ok
Closure,RoundRound1,package,Closure,40,0,0,2,0,0,86.8%,80.5%,17,ok
Closure,RoundRound1,package,Closure,41,0,0,3,0,0,94.9%,89.6%,16,ok
Closure,RoundRound1,package,Closure,42,0,0,1,0,0,93.6%,84.2%,17,ok
Closure,RoundRound1,package,Closure,43,0,0,2,0,0,85.0%,75.3%,16,ok
Closure,RoundRound1,package,Closure,44,0,0,1,0,0,95.4%,96.7%,16,ok
Closure,RoundRound1,package,Closure,45,0,0,1,0,0,98.2%,90.0%,17,ok
Closure,RoundRound1,package,Closure,46,0,0,3,0,0,98.2%,90.0%,16,ok
Closure,RoundRound1,package,Closure,47,0,0,16,0,0,78.2%,57.4%,16,ok
Closure,RoundRound1,package,Closure,48,0,0,1,0,0,85.6%,75.4%,16,ok
Closure,RoundRound1,package,Closure,49,0,0,66,0,0,99.5%,90.5%,16,ok
Closure,RoundRound1,package,Closure,50,0,0,2,0,0,94.8%,80.8%,16,ok
Closure,RoundRound1,package,Closure,51,0,0,1,0,0,95.4%,96.3%,18,ok
Closure,RoundRound1,package,Closure,52,0,0,1,0,0,93.8%,81.8%,17,ok
Closure,RoundRound1,package,Closure,53,0,0,1,0,0,98.2%,88.4%,14,ok
Closure,RoundRound1,package,Closure,54,0,0,3,0,0,86.1%,78.2%,16,ok
Closure,RoundRound1,package,Closure,55,0,0,1,0,0,96.8%,88.5%,17,ok
Closure,RoundRound1,package,Closure,56,0,0,3,0,0,47.9%,37.5%,16,ok
Closure,RoundRound1,package,Closure,57,0,0,1,0,0,99.3%,86.0%,17,ok
Closure,RoundRound1,package,Closure,58,0,0,1,0,0,98.1%,94.2%,15,ok
Closure,RoundRound1,package,Closure,59,0,0,1,0,0,45.3%,40.3%,16,ok
Closure,RoundRound1,package,Closure,60,0,0,2,0,0,93.5%,87.6%,17,ok
Closure,RoundRound1,package,Closure,61,0,0,3,0,0,93.6%,87.6%,15,ok
Closure,RoundRound1,package,Closure,62,0,0,2,0,0,100.0%,87.5%,15,ok
Closure,RoundRound1,package,Closure,64,0,0,1,0,0,44.5%,39.7%,17,ok
Closure,RoundRound1,package,Closure,65,0,0,1,0,0,93.8%,81.8%,15,ok
Closure,RoundRound1,package,Closure,66,0,0,2,0,0,96.5%,89.2%,15,ok
Closure,RoundRound1,package,Closure,67,0,0,1,0,0,96.4%,88.3%,16,ok
Closure,RoundRound1,package,Closure,68,0,0,1,0,0,93.7%,88.1%,16,ok
Closure,RoundRound1,package,Closure,69,0,0,3,0,0,96.5%,89.2%,14,ok
Closure,RoundRound1,package,Closure,70,0,0,5,0,0,87.0%,76.3%,16,ok
Closure,RoundRound1,package,Closure,71,0,0,2,0,0,97.4%,87.4%,15,ok
Closure,RoundRound1,package,Closure,72,0,0,1,0,0,97.2%,84.2%,15,ok
Closure,RoundRound1,package,Closure,73,0,0,1,0,0,93.7%,81.5%,15,ok
Closure,RoundRound1,package,Closure,74,0,0,3,0,0,92.0%,83.5%,14,ok
Closure,RoundRound1,package,Closure,75,0,0,1,0,0,93.7%,88.1%,14,ok
Closure,RoundRound1,package,Closure,76,0,0,4,0,0,95.3%,80.9%,15,ok
Closure,RoundRound1,package,Closure,77,0,0,1,0,0,92.6%,80.6%,14,ok
Closure,RoundRound1,package,Closure,78,0,0,1,0,0,91.2%,82.8%,14,ok
Closure,RoundRound1,package,Closure,79,0,0,5,0,0,95.7%,85.3%,14,ok
Closure,RoundRound1,package,Closure,80,0,0,2,0,0,94.3%,88.6%,14,ok
Closure,RoundRound1,package,Closure,81,0,0,1,0,0,82.5%,64.9%,14,ok
Closure,RoundRound1,package,Closure,82,0,0,2,0,0,96.4%,94.9%,14,ok
Closure,RoundRound1,package,Closure,83,0,0,1,0,0,81.0%,63.9%,14,ok
Closure,RoundRound1,package,Closure,84,0,0,1,0,0,81.3%,63.1%,12,ok
Closure,RoundRound1,package,Closure,85,0,0,2,0,0,91.0%,78.6%,13,ok
Closure,RoundRound1,package,Closure,86,0,0,7,0,0,92.2%,85.7%,14,ok
Closure,RoundRound1,package,Closure,87,0,0,1,0,0,97.6%,88.0%,12,ok
Closure,RoundRound1,package,Closure,88,0,0,7,0,0,97.7%,87.0%,13,ok
Closure,RoundRound1,package,Closure,89,0,0,8,0,0,96.6%,86.9%,14,ok
Closure,RoundRound1,package,Closure,90,0,0,2,0,0,92.8%,87.2%,13,ok
Closure,RoundRound1,package,Closure,91,0,0,1,0,0,100.0%,95.5%,15,ok
Closure,RoundRound1,package,Closure,92,0,0,1,0,0,98.5%,88.4%,14,ok
Closure,RoundRound1,package,Closure,94,0,0,3,0,0,92.9%,86.6%,13,ok
Closure,RoundRound1,package,Closure,95,0,0,2,0,0,85.5%,74.9%,14,ok
Closure,RoundRound1,package,Closure,96,0,0,1,0,0,96.2%,89.3%,13,ok
Closure,RoundRound1,package,Closure,97,0,0,1,0,0,86.5%,77.3%,14,ok
Closure,RoundRound1,package,Closure,98,0,0,1,0,0,97.0%,94.5%,13,ok
Closure,RoundRound1,package,Closure,99,0,0,3,0,0,97.9%,94.8%,13,ok
Closure,RoundRound1,package,Closure,100,0,0,9,0,0,97.6%,95.5%,13,ok
Closure,RoundRound1,package,Closure,101,0,0,1,0,0,73.9%,60.0%,12,ok
Closure,RoundRound1,package,Closure,102,0,0,1,0,0,96.2%,84.4%,12,ok
Closure,RoundRound1,package,Closure,103,0,0,3,0,0,91.4%,81.2%,12,ok
Closure,RoundRound1,package,Closure,104,0,0,1,0,0,90.6%,82.3%,13,ok
Closure,RoundRound1,package,Closure,105,0,0,1,0,0,64.4%,63.6%,12,ok
Closure,RoundRound1,package,Closure,106,0,0,4,0,0,78.0%,68.0%,53,ok
Closure,RoundRound1,package,Closure,107,0,0,1,0,0,75.5%,63.8%,47,ok
Closure,RoundRound1,package,Closure,108,0,0,1,0,0,98.9%,94.0%,52,ok
Closure,RoundRound1,package,Closure,109,0,0,2,0,0,94.1%,89.0%,54,ok
Closure,RoundRound1,package,Closure,110,0,0,2,0,0,89.2%,81.1%,53,ok
Closure,RoundRound1,package,Closure,111,0,0,1,0,0,97.9%,82.6%,51,ok
Closure,RoundRound1,package,Closure,112,0,0,2,0,0,98.5%,92.7%,51,ok
Closure,RoundRound1,package,Closure,113,0,0,1,0,0,98.4%,89.8%,48,ok
Closure,RoundRound1,package,Closure,114,0,0,1,0,0,87.5%,81.5%,49,ok
Closure,RoundRound1,package,Closure,115,0,0,5,0,0,96.8%,86.3%,51,ok
Closure,RoundRound1,package,Closure,116,0,0,8,0,0,96.7%,86.2%,47,ok
Closure,RoundRound1,package,Closure,117,0,0,1,0,0,93.0%,84.6%,48,ok
Closure,RoundRound1,package,Closure,118,0,0,2,0,0,90.3%,78.8%,51,ok
Closure,RoundRound1,package,Closure,119,0,0,1,0,0,88.1%,80.3%,48,ok
Closure,RoundRound1,package,Closure,120,0,0,1,0,0,95.3%,92.6%,50,ok
Closure,RoundRound1,package,Closure,121,0,0,1,0,0,98.0%,91.9%,51,ok
Closure,RoundRound1,package,Closure,122,0,0,3,0,0,94.2%,85.2%,49,ok
Closure,RoundRound1,package,Closure,123,0,0,1,0,0,96.3%,84.9%,50,ok
Closure,RoundRound1,package,Closure,124,0,0,1,0,0,100.0%,95.5%,51,ok
Closure,RoundRound1,package,Closure,125,0,0,1,0,0,93.0%,86.0%,48,ok
Closure,RoundRound1,package,Closure,126,0,0,2,0,0,95.1%,91.3%,23,ok
Closure,RoundRound1,package,Closure,127,0,0,6,0,0,93.9%,83.1%,23,ok
Closure,RoundRound1,package,Closure,128,0,0,1,0,0,96.2%,84.5%,19,ok
Closure,RoundRound1,package,Closure,129,0,0,1,0,0,86.1%,78.4%,20,ok
Closure,RoundRound1,package,Closure,130,0,0,1,0,0,98.7%,92.0%,22,ok
Closure,RoundRound1,package,Closure,131,0,0,2,0,0,54.0%,39.4%,20,ok
Closure,RoundRound1,package,Closure,132,0,0,1,0,0,98.8%,91.7%,22,ok
Closure,RoundRound1,package,Closure,133,0,0,1,0,0,93.8%,88.7%,20,ok
Closure,RoundRound1,package,Closure,134,0,0,2,0,0,91.7%,83.0%,59,ok
Closure,RoundRound1,package,Closure,135,0,0,2,0,0,35.6%,31.4%,11,ok
Closure,RoundRound1,package,Closure,136,0,0,4,0,0,97.0%,88.5%,12,ok
Closure,RoundRound1,package,Closure,137,0,0,5,0,0,94.5%,87.1%,12,ok
Closure,RoundRound1,package,Closure,138,0,0,5,0,0,96.9%,88.5%,11,ok
Closure,RoundRound1,package,Closure,139,0,0,3,0,0,95.9%,84.7%,12,ok
Closure,RoundRound1,package,Closure,140,0,0,1,0,0,45.4%,38.9%,12,ok
Closure,RoundRound1,package,Closure,141,0,0,8,0,0,94.1%,87.5%,11,ok
Closure,RoundRound1,package,Closure,142,0,0,2,0,0,94.4%,88.9%,12,ok
Closure,RoundRound1,package,Closure,143,0,0,3,0,0,36.5%,11.7%,13,ok
Closure,RoundRound1,package,Closure,144,0,0,84,0,0,92.5%,85.8%,12,ok
Closure,RoundRound1,package,Closure,145,0,0,2,0,0,92.6%,80.3%,13,ok
Closure,RoundRound1,package,Closure,146,0,0,1,0,0,96.3%,97.5%,14,ok
Closure,RoundRound1,package,Closure,147,0,0,3,0,0,97.2%,90.0%,13,ok
Closure,RoundRound1,package,Closure,148,0,0,6,0,0,87.8%,77.7%,14,ok
Closure,RoundRound1,package,Closure,149,0,0,1,0,0,50.0%,32.2%,14,ok
Closure,RoundRound1,package,Closure,150,0,0,2,0,0,86.1%,75.6%,13,ok
Closure,RoundRound1,package,Closure,151,0,0,1,0,0,79.3%,58.8%,14,ok
Closure,RoundRound1,package,Closure,152,0,0,3,0,0,89.2%,85.1%,13,ok
Closure,RoundRound1,package,Closure,153,0,0,2,0,0,96.0%,85.5%,12,ok
Closure,RoundRound1,package,Closure,154,0,0,1,0,0,95.4%,86.3%,16,ok
Closure,RoundRound1,package,Closure,155,0,0,7,0,0,97.2%,91.6%,16,ok
Closure,RoundRound1,package,Closure,156,0,0,2,0,0,99.1%,89.6%,15,ok
Closure,RoundRound1,package,Closure,157,0,0,12,0,0,88.5%,74.8%,15,ok
Closure,RoundRound1,package,Closure,158,0,0,2,0,0,67.3%,47.3%,16,ok
Closure,RoundRound1,package,Closure,159,0,0,1,0,0,98.5%,90.6%,15,ok
Closure,RoundRound1,package,Closure,160,0,0,1,0,0,44.4%,40.1%,16,ok
Closure,RoundRound1,package,Closure,161,0,0,1,0,0,91.0%,84.1%,16,ok
Closure,RoundRound1,package,Closure,162,0,0,1,0,0,95.4%,86.7%,16,ok
Closure,RoundRound1,package,Closure,163,0,0,3,0,0,96.0%,88.4%,17,ok
Closure,RoundRound1,package,Closure,164,0,0,3,0,0,88.8%,78.6%,19,ok
Closure,RoundRound1,package,Closure,165,0,0,1,0,0,92.8%,89.5%,19,ok
Closure,RoundRound1,package,Closure,166,0,0,2,0,0,98.2%,94.0%,19,ok
Closure,RoundRound1,package,Closure,167,0,0,3,0,0,90.8%,85.4%,22,ok
Closure,RoundRound1,package,Closure,168,0,0,1,0,0,84.9%,75.4%,21,ok
Closure,RoundRound1,package,Closure,169,0,0,2,0,0,68.3%,66.4%,19,ok
Closure,RoundRound1,package,Closure,170,0,0,1,0,0,95.0%,87.9%,22,ok
Closure,RoundRound1,package,Closure,171,0,0,3,0,0,90.4%,81.6%,50,ok
Closure,RoundRound1,package,Closure,172,0,0,1,0,0,84.4%,74.8%,51,ok
Closure,RoundRound1,package,Closure,173,0,0,3,0,0,96.3%,85.5%,51,ok
Closure,RoundRound1,package,Closure,174,0,0,3,0,0,94.5%,89.5%,51,ok
Closure,RoundRound1,package,Closure,175,0,0,5,0,0,96.7%,86.2%,53,ok
Closure,RoundRound1,package,Closure,176,0,0,1,0,0,98.5%,92.4%,55,ok
Codec,RoundRound1,package,Codec,1,0,0,5,0,0,98.4%,91.3%,7,ok
Codec,RoundRound1,package,Codec,2,0,0,2,0,0,94.4%,87.0%,9,ok
Codec,RoundRound1,package,Codec,3,0,0,1,0,0,98.2%,90.4%,8,ok
Codec,RoundRound1,package,Codec,4,0,0,2,0,0,100.0%,96.8%,10,ok
Codec,RoundRound1,package,Codec,5,0,0,2,0,0,100.0%,96.8%,11,ok
Codec,RoundRound1,package,Codec,6,0,0,1,0,0,100.0%,100.0%,11,ok
Codec,RoundRound1,package,Codec,7,0,0,2,0,0,99.6%,95.1%,10,ok
Codec,RoundRound1,package,Codec,8,0,0,1,0,0,99.6%,94.6%,11,ok
Codec,RoundRound1,package,Codec,9,0,0,1,0,0,95.5%,92.8%,11,ok
Codec,RoundRound1,package,Codec,10,0,0,1,0,0,100.0%,100.0%,11,ok
Codec,RoundRound1,package,Codec,11,1,10,0,0,0,NA,NA,93,compile_fail
Codec,RoundRound1,package,Codec,12,0,0,12,0,0,96.8%,96.2%,2,ok
Codec,RoundRound1,package,Codec,13,13,46,0,0,0,NA,NA,895,compile_fail
Codec,RoundRound1,package,Codec,14,2,2,1,0,0,84.0%,80.5%,1,ok
Codec,RoundRound1,package,Codec,15,0,0,1,0,0,94.1%,97.1%,6,ok
Codec,RoundRound1,package,Codec,16,0,0,1,0,0,91.6%,84.0%,117,ok
Codec,RoundRound1,package,Codec,17,1,3,0,0,0,NA,NA,2,compile_fail
Codec,RoundRound1,package,Codec,18,1,3,0,0,0,NA,NA,1,compile_fail
Collections,RoundRound1,package,Collections,1,0,0,4,0,0,55.8%,48.4%,62,ok
Collections,RoundRound1,package,Collections,2,0,0,1,0,0,44.7%,33.6%,62,ok
Collections,RoundRound1,package,Collections,3,0,0,1,0,0,93.3%,93.9%,63,ok
Collections,RoundRound1,package,Collections,4,0,0,3,0,0,90.1%,85.4%,64,ok
Collections,RoundRound1,package,Collections,5,0,0,1,0,0,95.1%,85.0%,65,ok
Collections,RoundRound1,package,Collections,6,0,0,1,0,0,59.2%,50.3%,65,ok
Collections,RoundRound1,package,Collections,7,0,0,3,0,0,46.0%,35.4%,66,ok
Collections,RoundRound1,package,Collections,8,0,0,1,0,0,96.6%,88.9%,66,ok
Collections,RoundRound1,package,Collections,9,0,0,1,0,0,48.9%,36.8%,64,ok
Collections,RoundRound1,package,Collections,10,0,0,2,0,0,86.6%,89.6%,64,ok
Collections,RoundRound1,package,Collections,11,0,0,1,0,0,100.0%,100.0%,64,ok
Collections,RoundRound1,package,Collections,12,0,0,1,0,0,49.1%,37.1%,63,ok
Collections,RoundRound1,package,Collections,13,0,0,1,0,0,49.0%,36.7%,61,ok
Collections,RoundRound1,package,Collections,14,0,0,1,0,0,88.9%,100.0%,61,ok
Collections,RoundRound1,package,Collections,15,0,0,1,0,0,95.3%,86.4%,62,ok
Collections,RoundRound1,package,Collections,16,0,0,1,0,0,96.5%,86.4%,62,ok
Collections,RoundRound1,package,Collections,17,1,1,0,0,0,NA,NA,3,compile_fail
Collections,RoundRound1,package,Collections,18,1,1,1,0,0,91.4%,88.9%,1,ok
Collections,RoundRound1,package,Collections,19,0,0,1,0,0,93.6%,94.7%,2,ok
Collections,RoundRound1,package,Collections,20,0,0,1,0,0,92.2%,89.6%,74,ok
Collections,RoundRound1,package,Collections,21,0,0,1,0,0,93.6%,94.7%,2,ok
Collections,RoundRound1,package,Collections,22,0,0,1,0,0,97.9%,96.2%,7,ok
Collections,RoundRound1,package,Collections,23,0,0,2,0,0,79.4%,100.0%,28,ok
Collections,RoundRound1,package,Collections,24,2,3,0,0,0,NA,NA,4,compile_fail
Collections,RoundRound1,package,Collections,25,0,0,1,0,0,58.2%,50.0%,4,ok
Collections,RoundRound1,package,Collections,26,3,4,3,2,0,100.0%,100.0%,3,ok
Collections,RoundRound1,package,Collections,27,0,0,1,0,0,94.5%,90.0%,6,ok
Collections,RoundRound1,package,Collections,28,0,0,1,0,0,77.9%,71.4%,28,ok
Compress,RoundRound1,package,Compress,1,3,84,0,0,0,NA,NA,40,compile_fail
Compress,RoundRound1,package,Compress,2,3,44,0,0,0,NA,NA,6,compile_fail
Compress,RoundRound1,package,Compress,3,3,141,0,0,0,NA,NA,229,compile_fail
Compress,RoundRound1,package,Compress,4,2,29,23,13,0,74.2%,59.3%,40,ok
Compress,RoundRound1,package,Compress,5,0,0,1,0,0,91.3%,78.7%,9,ok
Compress,RoundRound1,package,Compress,6,0,0,1,0,0,84.6%,73.3%,7,ok
Compress,RoundRound1,package,Compress,7,3,141,0,0,0,NA,NA,230,compile_fail
Compress,RoundRound1,package,Compress,8,3,141,0,0,0,NA,NA,173,compile_fail
Compress,RoundRound1,package,Compress,9,4,152,0,0,0,NA,NA,185,compile_fail
Compress,RoundRound1,package,Compress,10,0,0,1,0,0,75.7%,50.4%,7,ok
Compress,RoundRound1,package,Compress,11,33,518,0,0,0,NA,NA,535,compile_fail
Compress,RoundRound1,package,Compress,12,4,182,0,0,0,NA,NA,308,compile_fail
Compress,RoundRound1,package,Compress,13,0,0,2,0,0,82.0%,62.5%,7,ok
Compress,RoundRound1,package,Compress,14,3,141,0,0,0,NA,NA,288,compile_fail
Compress,RoundRound1,package,Compress,15,0,0,1,0,0,82.8%,64.5%,7,ok
Compress,RoundRound1,package,Compress,16,32,344,0,0,0,NA,NA,252,compile_fail
Compress,RoundRound1,package,Compress,17,2,2,0,0,0,NA,NA,8,compile_fail
Compress,RoundRound1,package,Compress,18,2,2,0,0,0,NA,NA,8,compile_fail
Compress,RoundRound1,package,Compress,19,0,0,1,0,0,91.4%,80.0%,6,ok
Compress,RoundRound1,package,Compress,20,2,30,14,13,0,80.4%,71.9%,46,ok
Compress,RoundRound1,package,Compress,21,0,0,8,0,0,97.9%,95.6%,1,ok
Compress,RoundRound1,package,Compress,22,2,15,0,0,0,NA,NA,256,compile_fail
Compress,RoundRound1,package,Compress,23,1,7,6,5,0,72.8%,61.8%,2,ok
Compress,RoundRound1,package,Compress,24,1,1,1,0,0,85.0%,87.3%,0,ok
Compress,RoundRound1,package,Compress,25,0,0,1,0,0,77.8%,60.3%,7,ok
Compress,RoundRound1,package,Compress,26,5,91,0,0,0,NA,NA,20,compile_fail
Compress,RoundRound1,package,Compress,27,1,1,1,0,0,84.8%,87.1%,1,ok
Compress,RoundRound1,package,Compress,28,1,1,1,0,0,81.2%,67.2%,1,ok
Compress,RoundRound1,package,Compress,29,43,487,0,0,0,NA,NA,419,compile_fail
Compress,RoundRound1,package,Compress,30,2,15,0,0,0,NA,NA,251,compile_fail
Compress,RoundRound1,package,Compress,31,1,1,2,0,0,85.2%,87.9%,1,ok
Compress,RoundRound1,package,Compress,32,1,1,1,0,0,80.9%,68.3%,1,ok
Compress,RoundRound1,package,Compress,33,12,77,0,0,0,NA,NA,319,compile_fail
Compress,RoundRound1,package,Compress,34,0,0,1,0,0,98.6%,85.7%,12,ok
Compress,RoundRound1,package,Compress,35,1,1,1,0,0,85.1%,87.5%,1,ok
Compress,RoundRound1,package,Compress,36,0,0,1,0,0,87.6%,76.6%,1,ok
Compress,RoundRound1,package,Compress,37,1,1,1,0,0,79.7%,69.1%,1,ok
Compress,RoundRound1,package,Compress,38,1,1,1,0,0,74.3%,55.9%,1,ok
Compress,RoundRound1,package,Compress,39,4,76,0,0,0,NA,NA,16,compile_fail
Compress,RoundRound1,package,Compress,40,4,76,0,0,0,NA,NA,16,compile_fail
Compress,RoundRound1,package,Compress,41,0,0,2,0,0,78.4%,61.9%,13,ok
Compress,RoundRound1,package,Compress,42,0,0,1,0,0,83.6%,69.7%,13,ok
Compress,RoundRound1,package,Compress,43,1,1,1,0,0,50.1%,45.0%,15,ok
Compress,RoundRound1,package,Compress,44,0,0,3,0,0,100.0%,100.0%,0,ok
Compress,RoundRound1,package,Compress,45,1,1,1,0,0,84.8%,87.0%,1,ok
Compress,RoundRound1,package,Compress,46,1,53,0,0,0,NA,NA,51,compile_fail
Compress,RoundRound1,package,Compress,47,0,0,1,0,0,79.5%,64.1%,17,ok
Csv,RoundRound1,package,Csv,1,2,8,0,0,0,NA,NA,686,compile_fail
Csv,RoundRound1,package,Csv,2,0,0,1,0,0,100.0%,87.5%,2,ok
Csv,RoundRound1,package,Csv,3,0,0,3,0,0,92.1%,90.9%,0,ok
Csv,RoundRound1,package,Csv,4,1,2,0,0,0,NA,NA,3,compile_fail
Csv,RoundRound1,package,Csv,5,0,0,1,0,0,96.8%,91.3%,1,ok
Csv,RoundRound1,package,Csv,6,0,0,1,0,0,100.0%,94.4%,4,ok
Csv,RoundRound1,package,Csv,7,1,2,0,0,0,NA,NA,3,compile_fail
Csv,RoundRound1,package,Csv,8,0,0,1,0,0,89.9%,82.1%,38,ok
Csv,RoundRound1,package,Csv,9,0,0,1,0,0,100.0%,95.5%,4,ok
Csv,RoundRound1,package,Csv,10,0,0,1,0,0,96.2%,92.3%,2,ok
Csv,RoundRound1,package,Csv,11,1,2,0,0,0,NA,NA,4,compile_fail
Csv,RoundRound1,package,Csv,12,1,1,2,1,0,90.2%,82.1%,45,ok
Csv,RoundRound1,package,Csv,13,0,0,2,0,0,93.0%,85.8%,62,ok
Csv,RoundRound1,package,Csv,14,0,0,6,0,0,92.7%,85.3%,112,ok
Csv,RoundRound1,package,Csv,15,0,0,1,0,0,94.7%,87.3%,125,ok
Csv,RoundRound1,package,Csv,16,1,3,0,0,0,NA,NA,12,compile_fail
Gson,RoundRound1,package,Gson,1,0,0,1,0,0,91.7%,90.9%,38,ok
Gson,RoundRound1,package,Gson,2,0,0,1,0,0,92.6%,89.9%,66,ok
Gson,RoundRound1,package,Gson,3,0,0,2,0,0,86.0%,90.6%,69,ok
Gson,RoundRound1,package,Gson,4,0,0,3,0,0,96.7%,92.0%,84,ok
Gson,RoundRound1,package,Gson,5,0,0,1,0,0,62.0%,49.4%,80,ok
Gson,RoundRound1,package,Gson,6,0,0,2,0,0,95.0%,83.3%,80,ok
Gson,RoundRound1,package,Gson,7,0,0,3,0,0,96.8%,91.7%,78,ok
Gson,RoundRound1,package,Gson,8,0,0,2,0,0,29.0%,0.0%,73,ok
Gson,RoundRound1,package,Gson,9,0,0,1,0,0,92.8%,88.9%,74,ok
Gson,RoundRound1,package,Gson,10,0,0,1,0,0,95.7%,96.6%,76,ok
Gson,RoundRound1,package,Gson,11,0,0,1,0,0,92.6%,90.3%,74,ok
Gson,RoundRound1,package,Gson,12,0,0,2,0,0,91.7%,93.0%,74,ok
Gson,RoundRound1,package,Gson,13,0,0,1,0,0,97.5%,92.1%,77,ok
Gson,RoundRound1,package,Gson,14,0,0,7,0,0,88.5%,79.5%,74,ok
Gson,RoundRound1,package,Gson,15,0,0,1,0,0,96.5%,93.5%,73,ok
Gson,RoundRound1,package,Gson,16,0,0,2,0,0,86.7%,75.8%,69,ok
Gson,RoundRound1,package,Gson,17,0,0,2,0,0,72.7%,81.2%,67,ok
Gson,RoundRound1,package,Gson,18,0,0,1,0,0,86.9%,76.0%,70,ok
JacksonCore,RoundRound1,package,JacksonCore,1,29,319,0,0,0,NA,NA,3504,compile_fail
JacksonCore,RoundRound1,package,JacksonCore,2,28,318,0,0,0,NA,NA,3736,compile_fail
JacksonCore,RoundRound1,package,JacksonCore,3,0,0,1,0,0,67.4%,59.4%,731,ok
JacksonCore,RoundRound1,package,JacksonCore,4,0,0,1,0,0,85.5%,67.9%,1,ok
JacksonCore,RoundRound1,package,JacksonCore,5,0,0,1,0,0,76.2%,50.0%,142,ok
JacksonCore,RoundRound1,package,JacksonCore,6,0,0,1,0,0,76.2%,50.0%,142,ok
JacksonCore,RoundRound1,package,JacksonCore,7,0,0,2,0,0,42.9%,6.2%,1184,ok
JacksonCore,RoundRound1,package,JacksonCore,8,0,0,1,0,0,85.6%,68.8%,0,ok
JacksonCore,RoundRound1,package,JacksonCore,9,34,487,0,0,0,NA,NA,2755,compile_fail
JacksonCore,RoundRound1,package,JacksonCore,10,6,101,0,0,0,NA,NA,18,compile_fail
JacksonCore,RoundRound1,package,JacksonCore,11,6,101,0,0,0,NA,NA,17,compile_fail
JacksonCore,RoundRound1,package,JacksonCore,12,34,596,0,0,0,NA,NA,2745,compile_fail
JacksonCore,RoundRound1,package,JacksonCore,13,0,0,1,0,0,77.4%,58.3%,1349,ok
JacksonCore,RoundRound1,package,JacksonCore,14,0,0,1,0,0,91.2%,54.5%,1,ok
JacksonCore,RoundRound1,package,JacksonCore,15,2,29,0,0,0,NA,NA,47,compile_fail
JacksonCore,RoundRound1,package,JacksonCore,16,0,0,1,0,0,57.6%,45.5%,2,ok
JacksonCore,RoundRound1,package,JacksonCore,17,0,0,1,0,0,68.0%,58.9%,1361,ok
JacksonCore,RoundRound1,package,JacksonCore,18,34,597,0,0,0,NA,NA,2776,compile_fail
JacksonCore,RoundRound1,package,JacksonCore,19,34,597,0,0,0,NA,NA,2770,compile_fail
JacksonCore,RoundRound1,package,JacksonCore,20,1,5,2,0,0,71.8%,72.2%,28,ok
JacksonCore,RoundRound1,package,JacksonCore,21,2,31,0,0,0,NA,NA,53,compile_fail
JacksonCore,RoundRound1,package,JacksonCore,22,2,31,0,0,0,NA,NA,53,compile_fail
JacksonCore,RoundRound1,package,JacksonCore,23,1,2,1,0,0,88.7%,67.5%,3,ok
JacksonCore,RoundRound1,package,JacksonCore,24,40,682,0,0,0,NA,NA,1206,compile_fail
JacksonCore,RoundRound1,package,JacksonCore,25,0,0,1,0,0,82.7%,74.3%,1416,ok
JacksonCore,RoundRound1,package,JacksonCore,26,0,0,1,0,0,85.8%,78.0%,636,ok
JacksonDatabind,RoundRound1,package,JacksonDatabind,1,0,0,1,0,0,75.9%,62.5%,6,ok
JacksonDatabind,RoundRound1,package,JacksonDatabind,2,0,0,1,0,0,52.0%,40.9%,31,ok
JacksonDatabind,RoundRound1,package,JacksonDatabind,3,0,0,1,0,0,88.7%,75.0%,11,ok
JacksonDatabind,RoundRound1,package,JacksonDatabind,4,0,0,1,0,0,90.3%,77.8%,12,ok
JacksonDatabind,RoundRound1,package,JacksonDatabind,5,0,0,1,0,0,88.5%,82.4%,20,ok
JacksonDatabind,RoundRound1,package,JacksonDatabind,6,0,0,2,0,0,81.2%,73.4%,33,ok
JacksonDatabind,RoundRound1,package,JacksonDatabind,7,0,0,1,0,0,52.6%,42.2%,31,ok
JacksonDatabind,RoundRound1,package,JacksonDatabind,8,1,3,1,0,0,78.4%,76.6%,7,ok
JacksonDatabind,RoundRound1,package,JacksonDatabind,9,0,0,1,0,0,70.0%,100.0%,2,ok
JacksonDatabind,RoundRound1,package,JacksonDatabind,10,0,0,1,0,0,95.6%,89.0%,9,ok
JacksonDatabind,RoundRound1,package,JacksonDatabind,11,0,0,2,0,0,81.9%,71.7%,14,ok
JacksonDatabind,RoundRound1,package,JacksonDatabind,12,0,0,1,0,0,78.6%,73.9%,12,ok
JacksonDatabind,RoundRound1,package,JacksonDatabind,13,0,0,1,0,0,75.0%,73.5%,12,ok
JacksonDatabind,RoundRound1,package,JacksonDatabind,14,0,0,1,0,0,50.3%,42.0%,25,ok
JacksonDatabind,RoundRound1,package,JacksonDatabind,15,0,0,1,0,0,86.2%,76.5%,26,ok
JacksonDatabind,RoundRound1,package,JacksonDatabind,16,0,0,1,0,0,88.6%,72.2%,22,ok
JacksonDatabind,RoundRound1,package,JacksonDatabind,17,0,0,1,0,0,69.9%,59.4%,22,ok
JacksonDatabind,RoundRound1,package,JacksonDatabind,18,0,0,3,0,0,73.5%,85.3%,26,ok
JacksonDatabind,RoundRound1,package,JacksonDatabind,19,0,0,3,0,0,82.1%,68.3%,15,ok
JacksonDatabind,RoundRound1,package,JacksonDatabind,20,0,0,1,0,0,83.3%,77.4%,5,ok
JacksonDatabind,RoundRound1,package,JacksonDatabind,21,1,1,2,1,0,94.9%,89.2%,27,ok
JacksonDatabind,RoundRound1,package,JacksonDatabind,22,0,0,1,0,0,90.6%,81.4%,8,ok
JacksonDatabind,RoundRound1,package,JacksonDatabind,23,1,1,0,0,0,NA,NA,2,compile_fail
JacksonDatabind,RoundRound1,package,JacksonDatabind,24,0,0,1,0,0,83.6%,65.4%,3,ok
JacksonDatabind,RoundRound1,package,JacksonDatabind,25,0,0,1,0,0,88.4%,78.1%,15,ok
JacksonDatabind,RoundRound1,package,JacksonDatabind,26,0,0,1,0,0,75.3%,60.1%,9,ok
JacksonDatabind,RoundRound1,package,JacksonDatabind,27,0,0,1,0,0,66.3%,62.6%,13,ok
JacksonDatabind,RoundRound1,package,JacksonDatabind,28,0,0,1,0,0,83.9%,84.6%,11,ok
JacksonDatabind,RoundRound1,package,JacksonDatabind,29,0,0,1,0,0,83.0%,67.7%,5,ok
JacksonDatabind,RoundRound1,package,JacksonDatabind,30,0,0,1,0,0,63.0%,51.3%,21,ok
JacksonDatabind,RoundRound1,package,JacksonDatabind,31,0,0,1,0,0,55.6%,44.7%,35,ok
JacksonDatabind,RoundRound1,package,JacksonDatabind,32,0,0,1,0,0,56.5%,49.0%,10,ok
JacksonDatabind,RoundRound1,package,JacksonDatabind,33,1,1,2,1,0,90.8%,84.1%,31,ok
JacksonDatabind,RoundRound1,package,JacksonDatabind,34,0,0,1,0,0,58.6%,41.7%,2,ok
JacksonDatabind,RoundRound1,package,JacksonDatabind,35,0,0,1,0,0,73.5%,62.5%,2,ok
JacksonDatabind,RoundRound1,package,JacksonDatabind,36,0,0,1,0,0,70.5%,59.2%,37,ok
JacksonDatabind,RoundRound1,package,JacksonDatabind,37,0,0,1,0,0,62.7%,59.4%,19,ok
JacksonDatabind,RoundRound1,package,JacksonDatabind,38,0,0,3,0,0,73.8%,73.8%,21,ok
JacksonDatabind,RoundRound1,package,JacksonDatabind,39,0,0,1,0,0,57.1%,0.0%,12,ok
JacksonDatabind,RoundRound1,package,JacksonDatabind,40,0,0,1,0,0,85.4%,77.7%,13,ok
JacksonDatabind,RoundRound1,package,JacksonDatabind,41,0,0,1,0,0,87.9%,86.9%,22,ok
JacksonDatabind,RoundRound1,package,JacksonDatabind,42,0,0,1,0,0,81.8%,83.5%,11,ok
JacksonDatabind,RoundRound1,package,JacksonDatabind,43,0,0,1,0,0,50.0%,66.7%,7,ok
JacksonDatabind,RoundRound1,package,JacksonDatabind,44,0,0,1,0,0,70.7%,69.4%,20,ok
JacksonDatabind,RoundRound1,package,JacksonDatabind,45,0,0,1,0,0,70.0%,53.1%,3,ok
JacksonDatabind,RoundRound1,package,JacksonDatabind,46,0,0,1,0,0,36.5%,22.7%,18,ok
JacksonDatabind,RoundRound1,package,JacksonDatabind,47,1,9,0,0,0,NA,NA,33,compile_fail
JacksonDatabind,RoundRound1,package,JacksonDatabind,48,0,0,1,0,0,66.1%,36.6%,33,ok
JacksonDatabind,RoundRound1,package,JacksonDatabind,49,0,0,1,0,0,85.7%,75.0%,3,ok
JacksonDatabind,RoundRound1,package,JacksonDatabind,50,0,0,1,0,0,65.9%,61.5%,14,ok
JacksonDatabind,RoundRound1,package,JacksonDatabind,51,0,0,1,0,0,74.3%,67.6%,2,ok
JacksonDatabind,RoundRound1,package,JacksonDatabind,52,0,0,1,0,0,80.9%,65.3%,15,ok
JacksonDatabind,RoundRound1,package,JacksonDatabind,53,0,0,1,0,0,85.0%,80.1%,21,ok
JacksonDatabind,RoundRound1,package,JacksonDatabind,54,0,0,1,0,0,83.5%,77.6%,8,ok
JacksonDatabind,RoundRound1,package,JacksonDatabind,55,0,0,1,0,0,85.2%,75.7%,2,ok
JacksonDatabind,RoundRound1,package,JacksonDatabind,56,0,0,1,0,0,78.6%,80.2%,12,ok
JacksonDatabind,RoundRound1,package,JacksonDatabind,57,0,0,1,0,0,55.1%,43.6%,32,ok
JacksonDatabind,RoundRound1,package,JacksonDatabind,58,0,0,1,0,0,91.0%,80.1%,14,ok
JacksonDatabind,RoundRound1,package,JacksonDatabind,59,0,0,1,0,0,78.7%,75.4%,40,ok
JacksonDatabind,RoundRound1,package,JacksonDatabind,60,0,0,2,0,0,61.8%,47.3%,6,ok
JacksonDatabind,RoundRound1,package,JacksonDatabind,61,0,0,1,0,0,73.4%,66.5%,40,ok
JacksonDatabind,RoundRound1,package,JacksonDatabind,62,0,0,1,0,0,84.7%,77.1%,12,ok
JacksonDatabind,RoundRound1,package,JacksonDatabind,63,1,12,0,0,0,NA,NA,40,compile_fail
JacksonDatabind,RoundRound1,package,JacksonDatabind,64,0,0,1,0,0,88.8%,81.7%,9,ok
JacksonDatabind,RoundRound1,package,JacksonDatabind,66,0,0,1,0,0,65.4%,56.8%,13,ok
JacksonDatabind,RoundRound1,package,JacksonDatabind,67,0,0,1,0,0,89.5%,77.5%,16,ok
JacksonDatabind,RoundRound1,package,JacksonDatabind,68,0,0,2,0,0,80.1%,65.0%,15,ok
JacksonDatabind,RoundRound1,package,JacksonDatabind,69,1,3,1,0,0,81.1%,79.7%,6,ok
JacksonDatabind,RoundRound1,package,JacksonDatabind,70,0,0,1,0,0,78.8%,66.7%,7,ok
JacksonDatabind,RoundRound1,package,JacksonDatabind,71,0,0,1,0,0,65.8%,56.8%,12,ok
JacksonDatabind,RoundRound1,package,JacksonDatabind,72,0,0,1,0,0,29.8%,20.0%,6,ok
JacksonDatabind,RoundRound1,package,JacksonDatabind,73,0,0,2,0,0,89.3%,85.3%,36,ok
JacksonDatabind,RoundRound1,package,JacksonDatabind,74,0,0,1,0,0,88.3%,87.5%,2,ok
JacksonDatabind,RoundRound1,package,JacksonDatabind,75,0,0,1,0,0,73.9%,60.0%,6,ok
JacksonDatabind,RoundRound1,package,JacksonDatabind,76,0,0,4,0,0,29.1%,26.2%,16,ok
JacksonDatabind,RoundRound1,package,JacksonDatabind,77,0,0,1,0,0,91.0%,80.2%,14,ok
JacksonDatabind,RoundRound1,package,JacksonDatabind,78,0,0,1,0,0,89.3%,81.0%,16,ok
JacksonDatabind,RoundRound1,package,JacksonDatabind,79,0,0,1,0,0,87.2%,78.3%,34,ok
JacksonDatabind,RoundRound1,package,JacksonDatabind,80,0,0,1,0,0,100.0%,91.0%,2,ok
JacksonDatabind,RoundRound1,package,JacksonDatabind,81,0,0,1,0,0,83.8%,79.2%,29,ok
JacksonDatabind,RoundRound1,package,JacksonDatabind,82,0,0,1,0,0,89.9%,81.1%,16,ok
JacksonDatabind,RoundRound1,package,JacksonDatabind,83,0,0,1,0,0,86.9%,87.5%,12,ok
JacksonDatabind,RoundRound1,package,JacksonDatabind,84,0,0,1,0,0,43.3%,21.4%,23,ok
JacksonDatabind,RoundRound1,package,JacksonDatabind,85,0,0,1,0,0,72.1%,60.5%,6,ok
JacksonDatabind,RoundRound1,package,JacksonDatabind,86,0,0,2,0,0,43.3%,21.4%,22,ok
JacksonDatabind,RoundRound1,package,JacksonDatabind,87,0,0,1,0,0,78.2%,65.4%,40,ok
JacksonDatabind,RoundRound1,package,JacksonDatabind,88,0,0,1,0,0,81.2%,76.9%,1,ok
JacksonDatabind,RoundRound1,package,JacksonDatabind,90,0,0,1,0,0,68.9%,63.5%,15,ok
JacksonDatabind,RoundRound1,package,JacksonDatabind,91,0,0,1,0,0,86.0%,78.7%,16,ok
JacksonDatabind,RoundRound1,package,JacksonDatabind,92,0,0,1,0,0,91.5%,80.4%,15,ok
JacksonDatabind,RoundRound1,package,JacksonDatabind,93,0,0,1,0,0,100.0%,90.0%,2,ok
JacksonDatabind,RoundRound1,package,JacksonDatabind,94,0,0,1,0,0,100.0%,85.7%,2,ok
JacksonDatabind,RoundRound1,package,JacksonDatabind,95,0,0,1,0,0,88.0%,84.5%,24,ok
JacksonDatabind,RoundRound1,package,JacksonDatabind,96,0,0,1,0,0,86.4%,76.2%,18,ok
JacksonDatabind,RoundRound1,package,JacksonDatabind,97,1,12,6,5,0,87.8%,79.4%,6,ok
JacksonDatabind,RoundRound1,package,JacksonDatabind,98,0,0,1,0,0,88.9%,77.2%,9,ok
JacksonDatabind,RoundRound1,package,JacksonDatabind,99,0,0,1,0,0,60.0%,50.0%,24,ok
JacksonDatabind,RoundRound1,package,JacksonDatabind,100,0,0,1,0,0,75.6%,64.2%,5,ok
JacksonDatabind,RoundRound1,package,JacksonDatabind,101,0,0,1,0,0,73.7%,70.7%,18,ok
JacksonDatabind,RoundRound1,package,JacksonDatabind,102,0,0,1,0,0,88.7%,78.8%,6,ok
JacksonDatabind,RoundRound1,package,JacksonDatabind,103,0,0,1,0,0,79.2%,72.5%,44,ok
JacksonDatabind,RoundRound1,package,JacksonDatabind,104,0,0,2,0,0,87.9%,81.3%,42,ok
JacksonDatabind,RoundRound1,package,JacksonDatabind,105,0,0,1,0,0,94.7%,91.7%,14,ok
JacksonDatabind,RoundRound1,package,JacksonDatabind,106,0,0,2,0,0,79.3%,68.8%,5,ok
JacksonDatabind,RoundRound1,package,JacksonDatabind,107,0,0,1,0,0,76.6%,75.0%,2,ok
JacksonDatabind,RoundRound1,package,JacksonDatabind,108,0,0,1,0,0,76.4%,61.5%,44,ok
JacksonDatabind,RoundRound1,package,JacksonDatabind,109,0,0,1,0,0,96.8%,87.5%,5,ok
JacksonDatabind,RoundRound1,package,JacksonDatabind,110,0,0,1,0,0,93.1%,92.0%,8,ok
JacksonDatabind,RoundRound1,package,JacksonDatabind,111,0,0,1,0,0,65.8%,58.5%,19,ok
JacksonDatabind,RoundRound1,package,JacksonDatabind,112,0,0,1,0,0,81.8%,60.3%,16,ok
JacksonXml,RoundRound1,package,JacksonXml,1,0,0,3,0,0,61.2%,52.4%,16,ok
JacksonXml,RoundRound1,package,JacksonXml,2,0,0,1,0,0,74.1%,73.0%,16,ok
JacksonXml,RoundRound1,package,JacksonXml,3,0,0,1,0,0,63.7%,54.3%,16,ok
JacksonXml,RoundRound1,package,JacksonXml,4,0,0,1,0,0,56.3%,50.0%,8,ok
JacksonXml,RoundRound1,package,JacksonXml,5,0,0,1,0,0,77.1%,66.7%,8,ok
JacksonXml,RoundRound1,package,JacksonXml,6,0,0,5,0,0,53.2%,49.1%,8,ok
Jsoup,RoundRound1,package,Jsoup,1,0,0,1,0,0,97.8%,100.0%,3,ok
Jsoup,RoundRound1,package,Jsoup,2,0,0,1,0,0,99.4%,97.7%,7,ok
Jsoup,RoundRound1,package,Jsoup,3,0,0,3,0,0,97.3%,88.4%,3,ok
Jsoup,RoundRound1,package,Jsoup,4,0,0,2,0,0,NA,NA,3,ok
Jsoup,RoundRound1,package,Jsoup,5,1,83,0,0,0,NA,NA,98,compile_fail
Jsoup,RoundRound1,package,Jsoup,6,0,0,2,0,0,NA,NA,3,ok
Jsoup,RoundRound1,package,Jsoup,7,0,0,1,0,0,100.0%,96.2%,4,ok
Jsoup,RoundRound1,package,Jsoup,8,0,0,1,0,0,93.5%,82.5%,3,ok
Jsoup,RoundRound1,package,Jsoup,9,0,0,1,0,0,NA,NA,3,ok
Jsoup,RoundRound1,package,Jsoup,10,0,0,1,0,0,92.2%,85.4%,4,ok
Jsoup,RoundRound1,package,Jsoup,11,1,1,0,0,0,NA,NA,0,compile_fail
Jsoup,RoundRound1,package,Jsoup,12,1,1,0,0,0,NA,NA,1,compile_fail
Jsoup,RoundRound1,package,Jsoup,13,0,0,4,0,0,91.8%,81.2%,11,ok
Jsoup,RoundRound1,package,Jsoup,14,0,0,2,0,0,54.0%,49.3%,3,ok
Jsoup,RoundRound1,package,Jsoup,15,0,0,1,0,0,70.0%,63.1%,3,ok
Jsoup,RoundRound1,package,Jsoup,16,0,0,2,0,0,100.0%,100.0%,11,ok
Jsoup,RoundRound1,package,Jsoup,17,0,0,1,0,0,69.5%,62.7%,3,ok
Jsoup,RoundRound1,package,Jsoup,18,1,38,0,0,0,NA,NA,9,compile_fail
Jsoup,RoundRound1,package,Jsoup,19,0,0,1,0,0,94.6%,75.0%,0,ok
Jsoup,RoundRound1,package,Jsoup,20,3,50,0,0,0,NA,NA,91,compile_fail
Jsoup,RoundRound1,package,Jsoup,21,3,18,0,0,0,NA,NA,4,compile_fail
Jsoup,RoundRound1,package,Jsoup,22,0,0,3,0,0,89.4%,89.7%,10,ok
Jsoup,RoundRound1,package,Jsoup,23,1,38,0,0,0,NA,NA,9,compile_fail
Jsoup,RoundRound1,package,Jsoup,24,0,0,1,0,0,56.1%,51.4%,2,ok
Jsoup,RoundRound1,package,Jsoup,25,0,0,1,0,0,94.4%,58.7%,3,ok
Jsoup,RoundRound1,package,Jsoup,26,0,0,1,0,0,100.0%,100.0%,0,ok
Jsoup,RoundRound1,package,Jsoup,27,3,50,0,0,0,NA,NA,91,compile_fail
Jsoup,RoundRound1,package,Jsoup,28,0,0,6,0,0,91.1%,89.8%,10,ok
Jsoup,RoundRound1,package,Jsoup,29,0,0,1,0,0,62.4%,30.6%,9,ok
Jsoup,RoundRound1,package,Jsoup,30,0,0,1,0,0,100.0%,100.0%,0,ok
Jsoup,RoundRound1,package,Jsoup,31,0,0,1,0,0,60.4%,56.5%,4,ok
Jsoup,RoundRound1,package,Jsoup,32,0,0,1,0,0,89.1%,91.4%,10,ok
Jsoup,RoundRound1,package,Jsoup,33,0,0,1,0,0,84.0%,74.8%,4,ok
Jsoup,RoundRound1,package,Jsoup,34,0,0,2,0,0,97.1%,91.5%,23,ok
Jsoup,RoundRound1,package,Jsoup,35,0,0,1,0,0,71.8%,64.9%,3,ok
Jsoup,RoundRound1,package,Jsoup,36,3,50,0,0,0,NA,NA,92,compile_fail
Jsoup,RoundRound1,package,Jsoup,37,0,0,1,0,0,88.9%,90.1%,17,ok
Jsoup,RoundRound1,package,Jsoup,38,0,0,1,0,0,72.7%,65.2%,4,ok
Jsoup,RoundRound1,package,Jsoup,39,3,52,0,0,0,NA,NA,93,compile_fail
Jsoup,RoundRound1,package,Jsoup,40,0,0,2,0,0,100.0%,83.3%,18,ok
Jsoup,RoundRound1,package,Jsoup,41,0,0,1,0,0,89.6%,89.7%,17,ok
Jsoup,RoundRound1,package,Jsoup,42,0,0,2,0,0,90.0%,79.2%,17,ok
Jsoup,RoundRound1,package,Jsoup,43,0,0,2,0,0,89.6%,90.8%,16,ok
Jsoup,RoundRound1,package,Jsoup,44,0,0,1,0,0,100.0%,75.0%,7,ok
Jsoup,RoundRound1,package,Jsoup,45,0,0,1,0,0,86.7%,77.2%,7,ok
Jsoup,RoundRound1,package,Jsoup,46,0,0,1,0,0,96.6%,92.2%,17,ok
Jsoup,RoundRound1,package,Jsoup,47,0,0,1,0,0,96.6%,92.2%,16,ok
Jsoup,RoundRound1,package,Jsoup,48,3,56,0,0,0,NA,NA,94,compile_fail
Jsoup,RoundRound1,package,Jsoup,49,0,0,1,0,0,96.1%,82.4%,16,ok
Jsoup,RoundRound1,package,Jsoup,50,3,56,0,0,0,NA,NA,92,compile_fail
Jsoup,RoundRound1,package,Jsoup,51,0,0,1,0,0,97.4%,91.4%,33,ok
Jsoup,RoundRound1,package,Jsoup,52,3,56,0,0,0,NA,NA,92,compile_fail
Jsoup,RoundRound1,package,Jsoup,53,1,69,0,0,0,NA,NA,70,compile_fail
Jsoup,RoundRound1,package,Jsoup,54,3,56,0,0,0,NA,NA,93,compile_fail
Jsoup,RoundRound1,package,Jsoup,55,0,0,1,0,0,58.9%,54.2%,4,ok
Jsoup,RoundRound1,package,Jsoup,56,0,0,1,0,0,70.9%,66.5%,15,ok
Jsoup,RoundRound1,package,Jsoup,57,0,0,1,0,0,93.7%,88.2%,17,ok
Jsoup,RoundRound1,package,Jsoup,58,16,198,0,0,0,NA,NA,266,compile_fail
Jsoup,RoundRound1,package,Jsoup,59,0,0,2,0,0,96.9%,90.9%,8,ok
Jsoup,RoundRound1,package,Jsoup,60,1,70,0,0,0,NA,NA,71,compile_fail
Jsoup,RoundRound1,package,Jsoup,61,0,0,2,0,0,90.3%,92.9%,14,ok
Jsoup,RoundRound1,package,Jsoup,62,0,0,1,0,0,76.9%,69.2%,5,ok
Jsoup,RoundRound1,package,Jsoup,63,0,0,3,0,0,87.7%,82.1%,5,ok
Jsoup,RoundRound1,package,Jsoup,64,0,0,2,0,0,76.6%,67.7%,5,ok
Jsoup,RoundRound1,package,Jsoup,65,0,0,1,0,0,79.5%,70.1%,5,ok
Jsoup,RoundRound1,package,Jsoup,66,0,0,1,0,0,91.8%,91.7%,6,ok
Jsoup,RoundRound1,package,Jsoup,67,0,0,1,0,0,86.4%,78.0%,4,ok
Jsoup,RoundRound1,package,Jsoup,68,0,0,1,0,0,86.6%,77.9%,5,ok
Jsoup,RoundRound1,package,Jsoup,69,0,0,1,0,0,92.3%,82.1%,5,ok
Jsoup,RoundRound1,package,Jsoup,70,0,0,1,0,0,91.9%,91.7%,6,ok
Jsoup,RoundRound1,package,Jsoup,71,24,275,0,0,0,NA,NA,283,compile_fail
Jsoup,RoundRound1,package,Jsoup,72,1,5,5,3,0,97.4%,90.4%,37,ok
Jsoup,RoundRound1,package,Jsoup,73,2,35,0,0,0,NA,NA,13,compile_fail
Jsoup,RoundRound1,package,Jsoup,74,2,35,0,0,0,NA,NA,14,compile_fail
Jsoup,RoundRound1,package,Jsoup,75,1,8,0,0,0,NA,NA,16,compile_fail
Jsoup,RoundRound1,package,Jsoup,76,0,0,1,0,0,77.1%,68.2%,5,ok
Jsoup,RoundRound1,package,Jsoup,77,0,0,1,0,0,97.1%,83.9%,5,ok
Jsoup,RoundRound1,package,Jsoup,78,2,35,0,0,0,NA,NA,15,compile_fail
Jsoup,RoundRound1,package,Jsoup,79,0,0,1,0,0,81.8%,85.7%,7,ok
Jsoup,RoundRound1,package,Jsoup,80,0,0,1,0,0,97.1%,83.9%,6,ok
Jsoup,RoundRound1,package,Jsoup,81,2,35,0,0,0,NA,NA,14,compile_fail
Jsoup,RoundRound1,package,Jsoup,82,2,35,0,0,0,NA,NA,14,compile_fail
Jsoup,RoundRound1,package,Jsoup,83,1,5,5,3,0,72.0%,75.6%,39,ok
Jsoup,RoundRound1,package,Jsoup,84,2,35,0,0,0,NA,NA,14,compile_fail
Jsoup,RoundRound1,package,Jsoup,85,1,14,11,10,0,73.8%,42.0%,40,ok
Jsoup,RoundRound1,package,Jsoup,86,0,0,1,0,0,88.9%,60.0%,6,ok
Jsoup,RoundRound1,package,Jsoup,87,0,0,1,0,0,82.7%,73.1%,7,ok
Jsoup,RoundRound1,package,Jsoup,88,1,14,11,10,0,74.2%,42.0%,41,ok
Jsoup,RoundRound1,package,Jsoup,89,1,14,11,10,0,74.2%,44.0%,41,ok
Jsoup,RoundRound1,package,Jsoup,90,2,35,0,0,0,NA,NA,6,compile_fail
Jsoup,RoundRound1,package,Jsoup,91,19,258,0,0,0,NA,NA,301,compile_fail
Jsoup,RoundRound1,package,Jsoup,92,1,8,0,0,0,NA,NA,17,compile_fail
Jsoup,RoundRound1,package,Jsoup,93,0,0,1,0,0,92.9%,82.1%,7,ok
JxPath,RoundRound1,package,JxPath,1,0,0,2,0,0,77.7%,65.8%,14,ok
JxPath,RoundRound1,package,JxPath,2,0,0,1,0,0,89.5%,75.0%,14,ok
JxPath,RoundRound1,package,JxPath,3,0,0,1,0,0,74.0%,73.1%,14,ok
JxPath,RoundRound1,package,JxPath,4,0,0,6,0,0,77.5%,65.8%,14,ok
JxPath,RoundRound1,package,JxPath,5,0,0,1,0,0,77.7%,68.5%,14,ok
JxPath,RoundRound1,package,JxPath,6,0,0,1,0,0,75.5%,66.7%,15,ok
JxPath,RoundRound1,package,JxPath,7,0,0,1,0,0,100.0%,87.5%,14,ok
JxPath,RoundRound1,package,JxPath,8,0,0,1,0,0,89.7%,84.4%,14,ok
JxPath,RoundRound1,package,JxPath,9,0,0,1,0,0,92.1%,81.8%,14,ok
JxPath,RoundRound1,package,JxPath,10,0,0,1,0,0,88.4%,86.1%,15,ok
JxPath,RoundRound1,package,JxPath,11,0,0,2,0,0,89.1%,77.4%,16,ok
JxPath,RoundRound1,package,JxPath,12,0,0,1,0,0,78.9%,68.5%,15,ok
JxPath,RoundRound1,package,JxPath,13,0,0,1,0,0,79.7%,70.0%,14,ok
JxPath,RoundRound1,package,JxPath,14,0,0,1,0,0,89.3%,76.9%,15,ok
JxPath,RoundRound1,package,JxPath,15,0,0,2,0,0,100.0%,100.0%,15,ok
JxPath,RoundRound1,package,JxPath,16,0,0,4,0,0,74.8%,66.0%,15,ok
JxPath,RoundRound1,package,JxPath,17,0,0,2,0,0,89.4%,80.2%,16,ok
JxPath,RoundRound1,package,JxPath,18,0,0,2,0,0,75.9%,50.0%,16,ok
JxPath,RoundRound1,package,JxPath,19,0,0,2,0,0,77.3%,67.0%,16,ok
JxPath,RoundRound1,package,JxPath,20,0,0,1,0,0,90.7%,88.9%,17,ok
JxPath,RoundRound1,package,JxPath,21,0,0,2,0,0,85.7%,73.1%,17,ok
JxPath,RoundRound1,package,JxPath,22,0,0,1,0,0,84.5%,71.2%,17,ok
Lang,Round1,package,Lang,1,1,12,0,0,0,98.1%,87.3%,212,ok(per_method)
Lang,Round1,package,Lang,2,-,-,-,-,-,-,-,-,deprecated_bug
Lang,Round1,package,Lang,3,1,12,0,0,0,98.1%,87.1%,198,ok(per_method)
Lang,Round1,package,Lang,4,1,5,0,0,0,NA,NA,242,compile_fail(api_mismatch)
Lang,Round1,package,Lang,5,0,0,0,0,0,100.0%,96.4%,52,ok(coverage=dev_tests_only)
Lang,Round1,package,Lang,6,0,0,0,0,0,93.3%,100.0%,247,ok
Lang,Round1,package,Lang,7,1,12,0,0,0,97.6%,87.7%,193,ok
Lang,Round1,package,Lang,8,2,44,0,0,0,NA,NA,71,compile_fail
Lang,Round1,package,Lang,9,2,44,0,0,0,NA,NA,72,compile_fail
Lang,Round1,package,Lang,10,2,44,0,0,0,NA,NA,72,compile_fail
Lang,Round1,package,Lang,11,1,16,0,0,0,NA,NA,57,compile_fail
Lang,Round1,package,Lang,12,1,15,0,0,0,NA,NA,58,compile_fail
Lang,Round1,package,Lang,13,1,3,0,0,0,NA,NA,49,compile_fail
Lang,Round1,package,Lang,14,0,0,1,0,0,97.4%,97.5%,54,ok
Lang,Round1,package,Lang,15,4,10,0,0,0,NA,NA,4,compile_fail
Lang,Round1,package,Lang,16,1,12,1,0,0,95.7%,84.6%,196,ok
Lang,Round1,package,Lang,17,0,0,1,0,0,93.9%,100.0%,243,ok
Lang,Round1,package,Lang,18,-,-,-,-,-,-,-,-,deprecated_bug
Lang,Round1,package,Lang,19,0,0,0,0,0,100.0%,100.0%,242,ok(trigger_parse_false_positive_corrected)
Lang,Round1,package,Lang,20,0,0,0,0,0,97.3%,97.5%,47,ok(trigger_parse_false_positive_corrected)
Lang,Round1,package,Lang,21,2,44,0,0,0,NA,NA,70,compile_fail
Lang,Round1,package,Lang,22,1,12,2,0,0,98.9%,94.7%,203,ok(trigger_parse_false_positive_corrected)
Lang,Round1,package,Lang,23,2,623,0,0,0,NA,NA,1330,compile_fail
Lang,Round1,package,Lang,24,1,12,1,0,0,97.9%,87.6%,195,ok
Lang,Round1,package,Lang,25,-,-,-,-,-,-,-,-,deprecated_bug
Lang,Round1,package,Lang,26,2,44,0,0,0,NA,NA,70,compile_fail
Lang,Round1,package,Lang,27,1,12,1,0,0,97.9%,87.8%,196,ok
Lang,Round1,package,Lang,28,0,0,1,0,0,100.0%,100.0%,259,ok
Lang,Round1,package,Lang,29,0,0,1,0,0,93.6%,84.0%,37,ok
Lang,Round1,package,Lang,30,1,209,0,0,0,NA,NA,821,compile_fail
Lang,Round1,package,Lang,31,1,209,0,0,0,NA,NA,825,compile_fail
Lang,Round1,package,Lang,32,3,58,0,0,0,NA,NA,351,compile_fail
Lang,Round1,package,Lang,33,0,0,1,0,0,95.1%,93.5%,36,ok
Lang,Round1,package,Lang,34,3,58,0,0,0,NA,NA,350,compile_fail
Lang,Round1,package,Lang,35,0,0,1,0,0,96.6%,97.8%,29,ok
Lang,Round1,package,Lang,36,0,0,0,0,0,97.6%,86.9%,731,ok(trigger_parse_false_positive_corrected)
Lang,Round1,package,Lang,37,0,0,1,0,0,100.0%,99.8%,724,ok
Lang,Round1,package,Lang,38,0,0,1,0,0,72.0%,61.0%,742,ok
Lang,Round1,package,Lang,39,0,0,1,0,0,97.2%,97.9%,755,ok
Lang,RoundRound1,package,Lang,40,0,0,1,0,0,99.1%,98.0%,621,ok
Lang,RoundRound1,package,Lang,41,0,0,2,0,0,94.9%,93.9%,617,ok
Lang,RoundRound1,package,Lang,42,0,0,1,0,0,97.1%,96.9%,586,ok
Lang,RoundRound1,package,Lang,43,0,0,1,0,0,76.5%,55.6%,592,ok
Lang,RoundRound1,package,Lang,44,0,0,1,0,0,96.8%,80.6%,591,ok
Lang,RoundRound1,package,Lang,45,0,0,1,0,0,100.0%,100.0%,592,ok
Lang,RoundRound1,package,Lang,46,0,0,1,0,0,83.3%,87.9%,567,ok
Lang,RoundRound1,package,Lang,47,0,0,2,0,0,99.4%,98.6%,570,ok
Lang,RoundRound1,package,Lang,49,0,0,1,0,0,99.3%,94.0%,479,ok
Lang,RoundRound1,package,Lang,50,0,0,2,0,0,71.3%,59.9%,474,ok
Lang,RoundRound1,package,Lang,51,0,0,1,0,0,100.0%,95.3%,470,ok
Lang,RoundRound1,package,Lang,52,0,0,1,0,0,82.3%,85.7%,471,ok
Lang,RoundRound1,package,Lang,53,0,0,1,0,0,97.7%,89.7%,469,ok
Lang,RoundRound1,package,Lang,54,0,0,1,0,0,96.2%,87.5%,468,ok
Lang,RoundRound1,package,Lang,55,0,0,1,0,0,98.2%,96.2%,468,ok
Lang,RoundRound1,package,Lang,56,0,0,1,0,0,62.7%,50.0%,467,ok
Lang,RoundRound1,package,Lang,57,0,0,11,0,0,7.6%,0.0%,468,ok
Lang,RoundRound1,package,Lang,58,0,0,1,0,0,98.2%,89.8%,466,ok
Lang,RoundRound1,package,Lang,59,0,0,1,0,0,99.5%,98.9%,466,ok
Lang,RoundRound1,package,Lang,60,0,0,1,0,0,99.5%,98.9%,466,ok
Lang,RoundRound1,package,Lang,61,0,0,2,0,0,99.5%,98.9%,468,ok
Lang,RoundRound1,package,Lang,62,0,0,1,0,0,99.2%,96.7%,468,ok
Lang,RoundRound1,package,Lang,63,0,0,1,0,0,93.7%,90.4%,467,ok
Lang,RoundRound1,package,Lang,64,0,0,1,0,0,100.0%,100.0%,454,ok
Lang,RoundRound1,package,Lang,65,0,0,1,0,0,97.9%,88.6%,454,ok
Math,RoundRound1,package,Math,1,0,0,2,0,0,95.5%,91.7%,0,ok
Math,RoundRound1,package,Math,2,0,0,1,0,0,97.3%,96.2%,3,ok
Math,RoundRound1,package,Math,3,1,44,0,0,0,NA,NA,150,compile_fail
Math,RoundRound1,package,Math,4,0,0,2,0,0,100.0%,100.0%,3,ok
Math,RoundRound1,package,Math,5,1,12,0,0,0,NA,NA,303,compile_fail
Math,RoundRound1,package,Math,6,0,0,28,0,0,92.4%,84.3%,0,ok
Math,RoundRound1,package,Math,7,0,0,1,0,0,96.9%,96.0%,2,ok
Math,RoundRound1,package,Math,8,0,0,1,0,0,85.0%,70.8%,2,ok
Math,RoundRound1,package,Math,9,0,0,1,0,0,82.6%,75.0%,4,ok
Math,RoundRound1,package,Math,10,0,0,1,0,0,100.0%,99.7%,159,ok
Math,RoundRound1,package,Math,11,0,0,1,0,0,83.1%,78.6%,3,ok
Math,RoundRound1,package,Math,12,0,0,3,0,0,39.6%,14.3%,1,ok
Math,RoundRound1,package,Math,13,0,0,1,0,0,76.5%,83.3%,0,ok
Math,RoundRound1,package,Math,14,0,0,1,0,0,88.2%,78.6%,1,ok
Math,RoundRound1,package,Math,15,0,0,1,0,0,97.8%,93.5%,17,ok
Math,RoundRound1,package,Math,16,0,0,2,0,0,97.8%,93.4%,18,ok
Math,RoundRound1,package,Math,17,0,0,1,0,0,90.8%,88.2%,40,ok
Math,RoundRound1,package,Math,18,0,0,1,0,0,88.2%,79.0%,5,ok
Math,RoundRound1,package,Math,19,0,0,1,0,0,87.8%,78.3%,5,ok
Math,RoundRound1,package,Math,20,0,0,1,0,0,88.0%,78.7%,5,ok
Math,RoundRound1,package,Math,21,1,2,4,2,0,96.2%,92.9%,4,ok
Math,RoundRound1,package,Math,22,0,0,2,0,0,97.7%,100.0%,3,ok
Math,RoundRound1,package,Math,23,1,3,0,0,0,NA,NA,1,compile_fail
Math,RoundRound1,package,Math,24,1,3,0,0,0,NA,NA,0,compile_fail
Math,RoundRound1,package,Math,25,2,5,0,0,0,NA,NA,3,compile_fail
Math,RoundRound1,package,Math,26,0,0,1,0,0,97.3%,92.6%,1,ok
Math,RoundRound1,package,Math,27,0,0,1,0,0,97.3%,92.6%,0,ok
Math,RoundRound1,package,Math,28,1,1,1,0,0,100.0%,100.0%,1,ok
Math,RoundRound1,package,Math,29,0,0,3,0,0,94.4%,89.6%,3,ok
Math,RoundRound1,package,Math,30,4,23,0,0,0,NA,NA,227,compile_fail
Math,RoundRound1,package,Math,31,0,0,2,0,0,83.1%,63.3%,14,ok
Math,RoundRound1,package,Math,32,1,2,0,0,0,NA,NA,1,compile_fail
Math,RoundRound1,package,Math,33,1,1,1,0,0,94.6%,91.1%,2,ok
Math,RoundRound1,package,Math,34,0,0,1,0,0,82.0%,77.3%,0,ok
Math,RoundRound1,package,Math,35,1,2,0,0,0,NA,NA,1,compile_fail
Math,RoundRound1,package,Math,36,0,0,2,0,0,94.3%,91.3%,0,ok
Math,RoundRound1,package,Math,37,0,0,4,0,0,94.5%,90.5%,0,ok
Math,RoundRound1,package,Math,38,0,0,1,0,0,87.6%,83.7%,6,ok
Math,RoundRound1,package,Math,39,0,0,1,0,0,100.0%,100.0%,23,ok
Math,RoundRound1,package,Math,40,0,0,1,0,0,99.2%,98.5%,1,ok
Math,RoundRound1,package,Math,41,1,15,0,0,0,NA,NA,54,compile_fail
Math,RoundRound1,package,Math,42,1,1,1,0,0,94.5%,90.8%,1,ok
Math,RoundRound1,package,Math,43,0,0,6,0,0,79.2%,65.5%,1,ok
Math,RoundRound1,package,Math,44,0,0,1,0,0,96.6%,95.2%,2,ok
Math,RoundRound1,package,Math,45,0,0,1,0,0,81.4%,81.8%,4,ok
Math,RoundRound1,package,Math,46,0,0,2,0,0,93.6%,89.2%,1,ok
Math,RoundRound1,package,Math,47,0,0,2,0,0,93.5%,89.4%,1,ok
Math,RoundRound1,package,Math,48,0,0,1,0,0,95.9%,93.5%,2,ok
Math,RoundRound1,package,Math,49,0,0,1,0,0,84.9%,76.3%,5,ok
Math,RoundRound1,package,Math,50,0,0,1,0,0,96.0%,93.8%,2,ok
Math,RoundRound1,package,Math,51,0,0,1,0,0,97.2%,95.6%,2,ok
Math,RoundRound1,package,Math,52,0,0,1,0,0,100.0%,95.1%,87,ok
Math,RoundRound1,package,Math,53,0,0,1,0,0,95.9%,93.0%,1,ok
Math,RoundRound1,package,Math,54,0,0,1,0,0,90.2%,87.0%,35,ok
Math,RoundRound1,package,Math,55,1,1,1,0,0,93.1%,62.5%,199,ok
Math,RoundRound1,package,Math,56,0,0,1,0,0,86.7%,82.4%,10,ok
Math,RoundRound1,package,Math,57,0,0,1,0,0,96.7%,88.9%,943,ok
Math,RoundRound1,package,Math,58,2,5,0,0,0,NA,NA,2,compile_fail
Math,RoundRound1,package,Math,59,0,0,1,0,0,87.0%,67.2%,9,ok
Math,RoundRound1,package,Math,60,0,0,1,0,0,83.0%,77.8%,1,ok
Math,RoundRound1,package,Math,61,0,0,1,0,0,88.2%,91.7%,1,ok
Math,RoundRound1,package,Math,62,1,3,0,0,0,NA,NA,0,compile_fail
Math,RoundRound1,package,Math,63,0,0,1,0,0,91.7%,91.8%,13,ok
Math,RoundRound1,package,Math,64,0,0,2,0,0,97.7%,91.0%,1,ok
Math,RoundRound1,package,Math,65,0,0,1,0,0,93.8%,93.3%,1,ok
Math,RoundRound1,package,Math,66,0,0,4,0,0,97.1%,94.8%,1,ok
Math,RoundRound1,package,Math,67,0,0,1,0,0,73.1%,82.4%,0,ok
Math,RoundRound1,package,Math,68,0,0,2,0,0,97.6%,90.8%,1,ok
Math,RoundRound1,package,Math,69,0,0,2,0,0,98.7%,90.0%,0,ok
Math,RoundRound1,package,Math,70,0,0,1,0,0,91.3%,83.3%,4,ok
Math,RoundRound1,package,Math,71,0,0,2,0,0,100.0%,96.9%,29,ok
Math,RoundRound1,package,Math,72,0,0,1,0,0,93.5%,90.7%,3,ok
Math,RoundRound1,package,Math,73,0,0,1,0,0,92.3%,90.4%,3,ok
Math,RoundRound1,package,Math,74,0,0,1,0,0,99.2%,94.4%,30,ok
Math,RoundRound1,package,Math,75,0,0,1,0,0,86.6%,77.1%,8272,ok
Math,RoundRound1,package,Math,76,1,25,27,25,0,95.5%,90.7%,74,ok
Math,RoundRound1,package,Math,77,0,0,2,0,0,60.1%,55.0%,12,ok
Math,RoundRound1,package,Math,78,0,0,1,0,0,83.3%,74.0%,12,ok
Math,RoundRound1,package,Math,79,0,0,1,0,0,99.5%,97.1%,3,ok
Math,RoundRound1,package,Math,80,0,0,1,0,0,93.1%,84.3%,11,ok
Math,RoundRound1,package,Math,81,0,0,1,0,0,89.0%,81.2%,11,ok
Math,RoundRound1,package,Math,82,1,1,1,0,0,96.7%,94.4%,2,ok
Math,RoundRound1,package,Math,83,1,1,1,0,0,7.1%,7.6%,2,ok
Math,RoundRound1,package,Math,84,0,0,2,0,0,100.0%,100.0%,0,ok
Math,RoundRound1,package,Math,85,0,0,1,0,0,94.7%,86.4%,3,ok
Math,RoundRound1,package,Math,86,0,0,2,0,0,97.4%,98.3%,3,ok
Math,RoundRound1,package,Math,87,0,0,1,0,0,7.2%,6.7%,2,ok
Math,RoundRound1,package,Math,88,0,0,1,0,0,7.2%,6.4%,3,ok
Math,RoundRound1,package,Math,89,0,0,1,0,0,99.1%,96.9%,2,ok
Math,RoundRound1,package,Math,90,0,0,1,0,0,99.1%,96.9%,2,ok
Math,RoundRound1,package,Math,91,0,0,1,0,0,96.3%,92.2%,2,ok
Math,RoundRound1,package,Math,92,0,0,1,0,0,93.1%,87.0%,2,ok
Math,RoundRound1,package,Math,93,0,0,1,0,0,92.9%,86.6%,2,ok
Math,RoundRound1,package,Math,94,0,0,1,0,0,92.9%,86.5%,2,ok
Math,RoundRound1,package,Math,95,0,0,1,0,0,100.0%,100.0%,2,ok
Math,RoundRound1,package,Math,96,0,0,1,0,0,97.9%,94.1%,2,ok
Math,RoundRound1,package,Math,97,0,0,1,0,0,93.3%,87.0%,69,ok
Math,RoundRound1,package,Math,98,0,0,2,0,0,86.1%,83.4%,69,ok
Math,RoundRound1,package,Math,99,0,0,2,0,0,98.5%,97.8%,2,ok
Math,RoundRound1,package,Math,100,0,0,1,0,0,100.0%,100.0%,66,ok
Math,RoundRound1,package,Math,101,0,0,2,0,0,85.3%,82.7%,66,ok
Math,RoundRound1,package,Math,102,0,0,6,0,0,91.9%,79.1%,66,ok
Math,RoundRound1,package,Math,103,0,0,1,0,0,97.3%,92.9%,65,ok
Math,RoundRound1,package,Math,104,0,0,1,0,0,93.6%,92.5%,64,ok
Math,RoundRound1,package,Math,105,0,0,1,0,0,100.0%,94.4%,48,ok
Math,RoundRound1,package,Math,106,0,0,1,0,0,84.2%,73.3%,45,ok
Mockito,RoundRound1,package,Mockito,1,0,0,0,0,0,NA,NA,10,compile_fail
Mockito,RoundRound1,package,Mockito,2,0,0,0,0,0,NA,NA,10,compile_fail
Mockito,RoundRound1,package,Mockito,3,0,0,0,0,0,NA,NA,11,compile_fail
Mockito,RoundRound1,package,Mockito,4,0,0,0,0,0,NA,NA,11,compile_fail
Mockito,RoundRound1,package,Mockito,5,0,0,0,0,0,NA,NA,11,compile_fail
Mockito,RoundRound1,package,Mockito,6,0,0,0,0,0,NA,NA,11,compile_fail
Mockito,RoundRound1,package,Mockito,7,0,0,0,0,0,NA,NA,10,compile_fail
Mockito,RoundRound1,package,Mockito,8,0,0,0,0,0,NA,NA,9,compile_fail
Mockito,RoundRound1,package,Mockito,9,0,0,0,0,0,NA,NA,10,compile_fail
Mockito,RoundRound1,package,Mockito,10,0,0,0,0,0,NA,NA,10,compile_fail
Mockito,RoundRound1,package,Mockito,11,0,0,0,0,0,NA,NA,9,compile_fail
Mockito,RoundRound1,package,Mockito,12,0,0,10,0,0,100.0%,75.0%,9,ok
Mockito,RoundRound1,package,Mockito,13,0,0,1,0,0,100.0%,90.0%,8,ok
Mockito,RoundRound1,package,Mockito,14,0,0,1,0,0,100.0%,100.0%,10,ok
Mockito,RoundRound1,package,Mockito,15,0,0,1,0,0,84.6%,100.0%,11,ok
Mockito,RoundRound1,package,Mockito,16,0,0,1,0,0,98.1%,100.0%,8,ok
Mockito,RoundRound1,package,Mockito,17,0,0,1,0,0,100.0%,96.9%,9,ok
Mockito,RoundRound1,package,Mockito,18,0,0,0,0,0,NA,NA,11,compile_fail
Mockito,RoundRound1,package,Mockito,19,0,0,0,0,0,NA,NA,10,compile_fail
Mockito,RoundRound1,package,Mockito,20,0,0,0,0,0,NA,NA,10,compile_fail
Mockito,RoundRound1,package,Mockito,21,0,0,0,0,0,NA,NA,11,compile_fail
Mockito,RoundRound1,package,Mockito,22,0,0,1,0,0,92.3%,87.5%,9,ok
Mockito,RoundRound1,package,Mockito,23,0,0,1,0,0,100.0%,100.0%,10,ok
Mockito,RoundRound1,package,Mockito,24,0,0,2,0,0,100.0%,100.0%,11,ok
Mockito,RoundRound1,package,Mockito,25,0,0,7,0,0,100.0%,100.0%,7,ok
Mockito,RoundRound1,package,Mockito,26,0,0,5,1,0,97.2%,100.0%,10,ok
Mockito,RoundRound1,package,Mockito,27,0,0,1,0,0,100.0%,95.5%,11,ok
Mockito,RoundRound1,package,Mockito,28,0,0,1,0,0,100.0%,100.0%,10,ok
Mockito,RoundRound1,package,Mockito,29,0,0,1,0,0,100.0%,100.0%,11,ok
Mockito,RoundRound1,package,Mockito,30,0,0,1,0,0,97.3%,85.7%,11,ok
Mockito,RoundRound1,package,Mockito,31,0,0,1,0,0,89.5%,83.3%,10,ok
Mockito,RoundRound1,package,Mockito,32,0,0,1,0,0,87.0%,100.0%,10,ok
Mockito,RoundRound1,package,Mockito,33,0,0,2,0,0,100.0%,100.0%,10,ok
Mockito,RoundRound1,package,Mockito,34,0,0,2,0,0,100.0%,100.0%,8,ok
Mockito,RoundRound1,package,Mockito,35,0,0,4,0,0,98.0%,0.0%,7,ok
Mockito,RoundRound1,package,Mockito,36,0,0,2,0,0,100.0%,92.9%,9,ok
Mockito,RoundRound1,package,Mockito,37,0,0,2,0,0,100.0%,100.0%,9,ok
Mockito,RoundRound1,package,Mockito,38,0,0,2,0,0,100.0%,100.0%,8,ok
Time,RoundRound1,package,Time,1,1,20,1,0,0,NA,NA,49,ok
Time,RoundRound1,package,Time,2,1,21,1,0,0,91.9%,89.0%,44,ok
Time,RoundRound1,package,Time,3,1,7,0,0,0,NA,NA,68,compile_fail
Time,RoundRound1,package,Time,4,0,0,1,0,0,100.0%,97.2%,26,ok
Time,RoundRound1,package,Time,5,0,0,3,0,0,100.0%,98.4%,35,ok
Time,RoundRound1,package,Time,6,0,0,5,0,0,82.0%,67.9%,38,ok
Time,RoundRound1,package,Time,7,0,0,2,0,0,95.2%,81.8%,27,ok
Time,RoundRound1,package,Time,8,0,0,1,0,0,92.7%,85.4%,33,ok
Time,RoundRound1,package,Time,9,0,0,1,0,0,93.4%,87.1%,35,ok
Time,RoundRound1,package,Time,10,0,0,2,0,0,97.2%,97.8%,39,ok
Time,RoundRound1,package,Time,11,0,0,1,0,0,80.7%,64.8%,9,ok
Time,RoundRound1,package,Time,12,1,1,8,0,0,93.5%,90.3%,39,ok
Time,RoundRound1,package,Time,13,1,59,0,0,0,NA,NA,58,compile_fail
Time,RoundRound1,package,Time,14,0,0,0,0,0,74.6%,69.6%,139,ok
Time,RoundRound1,package,Time,15,1,50,1,0,0,85.3%,74.3%,279,ok
Time,RoundRound1,package,Time,16,0,0,7,0,0,95.2%,81.8%,23,ok
Time,RoundRound1,package,Time,17,0,0,1,0,0,92.4%,85.8%,26,ok
Time,RoundRound1,package,Time,18,0,0,1,0,0,82.6%,70.4%,24,ok
Time,RoundRound1,package,Time,19,0,0,1,0,0,92.4%,85.8%,32,ok
Time,RoundRound1,package,Time,20,0,0,0,0,0,74.8%,66.6%,1005,ok
Time,RoundRound1,package,Time,22,0,0,2,0,0,100.0%,94.8%,27,ok
Time,RoundRound1,package,Time,23,0,0,1,0,0,92.4%,85.8%,28,ok
Time,RoundRound1,package,Time,24,0,0,7,0,0,88.9%,84.4%,24,ok
Time,RoundRound1,package,Time,25,0,0,3,0,0,92.4%,86.2%,23,ok
Time,RoundRound1,package,Time,26,0,0,8,0,0,89.2%,80.8%,30,ok
Time,RoundRound1,package,Time,27,1,59,0,0,0,NA,NA,44,compile_fail
