round,scope,project,bug_id,n_test_files,n_generated_lines,fail_buggy,fail_fixed,detected,stmt_cov,branch_cov,gen_time_sec,notes
RoundRound1,package,Codec,1,0,0,5,0,0,98.4%,91.3%,7,ok
RoundRound1,package,Codec,2,0,0,2,0,0,94.4%,87.0%,9,ok
RoundRound1,package,Codec,3,0,0,1,0,0,98.2%,90.4%,8,ok
RoundRound1,package,Codec,4,0,0,2,0,0,100.0%,96.8%,10,ok
RoundRound1,package,Codec,5,0,0,2,0,0,100.0%,96.8%,11,ok
RoundRound1,package,Codec,6,0,0,1,0,0,100.0%,100.0%,11,ok
RoundRound1,package,Codec,7,0,0,2,0,0,99.6%,95.1%,10,ok
RoundRound1,package,Codec,8,0,0,1,0,0,99.6%,94.6%,11,ok
RoundRound1,package,Codec,9,0,0,1,0,0,95.5%,92.8%,11,ok
RoundRound1,package,Codec,10,0,0,1,0,0,100.0%,100.0%,11,ok
RoundRound1,package,Codec,11,1,10,0,0,0,NA,NA,93,compile_fail
RoundRound1,package,Codec,12,0,0,12,0,0,96.8%,96.2%,2,ok
RoundRound1,package,Codec,13,13,46,0,0,0,NA,NA,895,compile_fail
RoundRound1,package,Codec,14,2,2,1,0,0,84.0%,80.5%,1,ok
RoundRound1,package,Codec,15,0,0,1,0,0,94.1%,97.1%,6,ok
RoundRound1,package,Codec,16,0,0,1,0,0,91.6%,84.0%,117,ok
RoundRound1,package,Codec,17,1,3,0,0,0,NA,NA,2,compile_fail
RoundRound1,package,Codec,18,1,3,0,0,0,NA,NA,1,compile_fail
