round,scope,project,bug_id,n_test_files,n_generated_lines,fail_buggy,fail_fixed,detected,stmt_cov,branch_cov,gen_time_sec,notes
RoundRound1,package,Collections,1,0,0,4,0,0,55.8%,48.4%,62,ok
RoundRound1,package,Collections,2,0,0,1,0,0,44.7%,33.6%,62,ok
RoundRound1,package,Collections,3,0,0,1,0,0,93.3%,93.9%,63,ok
RoundRound1,package,Collections,4,0,0,3,0,0,90.1%,85.4%,64,ok
RoundRound1,package,Collections,5,0,0,1,0,0,95.1%,85.0%,65,ok
RoundRound1,package,Collections,6,0,0,1,0,0,59.2%,50.3%,65,ok
RoundRound1,package,Collections,7,0,0,3,0,0,46.0%,35.4%,66,ok
RoundRound1,package,Collections,8,0,0,1,0,0,96.6%,88.9%,66,ok
RoundRound1,package,Collections,9,0,0,1,0,0,48.9%,36.8%,64,ok
RoundRound1,package,Collections,10,0,0,2,0,0,86.6%,89.6%,64,ok
RoundRound1,package,Collections,11,0,0,1,0,0,100.0%,100.0%,64,ok
RoundRound1,package,Collections,12,0,0,1,0,0,49.1%,37.1%,63,ok
RoundRound1,package,Collections,13,0,0,1,0,0,49.0%,36.7%,61,ok
RoundRound1,package,Collections,14,0,0,1,0,0,88.9%,100.0%,61,ok
RoundRound1,package,Collections,15,0,0,1,0,0,95.3%,86.4%,62,ok
RoundRound1,package,Collections,16,0,0,1,0,0,96.5%,86.4%,62,ok
RoundRound1,package,Collections,17,1,1,0,0,0,NA,NA,3,compile_fail
RoundRound1,package,Collections,18,1,1,1,0,0,91.4%,88.9%,1,ok
RoundRound1,package,Collections,19,0,0,1,0,0,93.6%,94.7%,2,ok
RoundRound1,package,Collections,20,0,0,1,0,0,92.2%,89.6%,74,ok
RoundRound1,package,Collections,21,0,0,1,0,0,93.6%,94.7%,2,ok
RoundRound1,package,Collections,22,0,0,1,0,0,97.9%,96.2%,7,ok
RoundRound1,package,Collections,23,0,0,2,0,0,79.4%,100.0%,28,ok
RoundRound1,package,Collections,24,2,3,0,0,0,NA,NA,4,compile_fail
RoundRound1,package,Collections,25,0,0,1,0,0,58.2%,50.0%,4,ok
RoundRound1,package,Collections,26,3,4,3,2,0,100.0%,100.0%,3,ok
RoundRound1,package,Collections,27,0,0,1,0,0,94.5%,90.0%,6,ok
RoundRound1,package,Collections,28,0,0,1,0,0,77.9%,71.4%,28,ok
